idx,generated_response,ground_truth,load_knowledge_time,generate_time,bert_score
0, 1923,1923,0.14657020568847656,20.244930028915405,1.0
1, Brierley Hill near Birmingham.,Brierley Hill,0.12581253051757812,21.040672063827515,0.7880532741546631
2, When they are repugnant to domestic law or indigenous conditions.,repugnant to domestic law or indigenous conditions,0.12001466751098633,22.39776587486267,0.836441695690155
3," In the United States, when both the federal and state governments have regulations that overlap, the federal regulations take precedence, as they are considered supreme under the Supremacy Clause of the Constitution.",coexist with each other,0.32169437408447266,27.546552896499634,0.2630230784416199
4," 46,000","46,000",0.13258981704711914,20.45331335067749,1.0
5, The Supreme Court.,the Supreme Court,0.14242315292358398,20.457101821899414,0.9724016785621643
6, Tuva,Tuva,0.1465752124786377,19.96640944480896,1.0000001192092896
7, a slip law.,a slip law,0.13765549659729004,20.426552057266235,0.9758548140525818
8," 33,000","33,000",0.14899754524230957,20.296085357666016,1.0
9, ITV,ITV,0.1327972412109375,19.83711576461792,1.0000001192092896
10, Pickled cockles and mussels.,pickled cockles and mussels,0.14598655700683594,21.156984567642212,0.9778863191604614
11," The Magdala in South Hill Park, Hampstead.",The Magdala,0.13404083251953125,21.921409606933594,0.5799645185470581
12, Off-sales counter or attached shop.,off-sales counter,0.12912559509277344,21.034586906433105,0.8392071723937988
13, 1868,1868,0.13752174377441406,20.16976022720337,1.0
14," Yes, according to the Catholic religion, a savior for the world was needed.","Catholic Church has taught that even had man never sinned in the Garden of Eden and was sinless, he would still require God's grace to remain sinless.",0.12662935256958008,23.239431142807007,0.4577740430831909
15, Chapter 11,Chapter 11,0.2547440528869629,20.217514753341675,1.0000001192092896
16, The Beer Act of 1830.,Wine and Beerhouse Act 1869,0.12775754928588867,21.336601495742798,0.7046360969543457
17, The Historic Atlantic City Convention Hall.,Historic Atlantic City Convention Hall,0.13403534889221191,21.1097195148468,0.9799222946166992
18, 1742,1742,0.12940049171447754,20.126489639282227,1.0
19, A group of local Quakers in Atlantic City.,a group of local Quakers,0.27713656425476074,21.624685525894165,0.898390531539917
20, Radio.,radios,0.12042570114135742,20.097590446472168,0.8008596897125244
21, The 1960s and 1970s.,the 1960s and 1970s,0.12158632278442383,21.81690287590027,0.9845267534255981
22, 11:30 pm,11.30 pm,0.1365962028503418,20.62033772468567,0.9308903217315674
23, The CRDA (Casino Reinvestment Development Authority) would oversee all functions of the district and make changes to attract new businesses and attractions.,The CRDA,0.12993383407592773,25.377782583236694,0.574573278427124
24, Los Alamos,Los Alamos,0.1430671215057373,20.18467426300049,1.0
25, Nine Men's Morris.,Nine Men's Morris,0.1285688877105713,20.606938362121582,0.9841631650924683
26, Soho,Soho,0.13672375679016113,20.00888180732727,1.0
27, 1446,1446,0.12990975379943848,20.24554681777954,1.0
28, 16.5 inches.,16.5 inches,0.1283433437347412,20.865427494049072,0.9837433099746704
29, Edward Gibbon wrote that the Roman Catholic Church borrowed the doctrine of the Immaculate Conception from the Koran.,The Latin Church has not disdained to borrow from the Koran the immaculate conception of his virgin mother,0.2823195457458496,24.610729455947876,0.6021276116371155
30, A bolus.,a bolus,0.12256217002868652,20.38316583633423,0.9732646942138672
31, A new law is assigned a law number and prepared for publication as a slip law.,a law number,0.12947750091552734,23.13277316093445,0.7014458179473877
32," The 50 states in the United States are commonly referred to as the ""United States of America"" or simply ""America"".",separate sovereigns,0.13135004043579102,24.78581142425537,0.2053951472043991
33, They believe Mary was conceived without original sin.,"dogmatic declaration of her immaculate conception as an ""over-elaboration""",0.27715253829956055,21.387483596801758,0.49094390869140625
34," Teeth are made of tissues of varying density and hardness, such as enamel, dentine, and cementum.","enamel, dentine and cementum",0.134843111038208,24.022952795028687,0.6873509287834167
35," ""the chosen people""",the chosen people,0.27679920196533203,20.61200737953186,0.9349091053009033
36, July 2003,July 2003,0.13167905807495117,20.484594106674194,1.0
37, He influenced the interconnects.,influencing the interconnects,0.1486351490020752,21.036737203598022,0.687247097492218
38, Netherlands,Netherlands,0.14558744430541992,19.889190912246704,1.0
39," Dead grass, leaves, and weeds.","dead grass, leaves, and weeds",0.12934136390686035,21.155961751937866,0.9358745813369751
40, The document attempted to clarify the concept of the Immaculate Conception.,teaching about Mary in the two definitions,0.1204984188079834,22.7930691242218,0.405529260635376
41," $20,069","$20,069",0.12773847579956055,20.256875038146973,1.0
42," A misdemeanor is a minor crime that is punishable by a fine, imprisonment for a short period, or both.",minor crimes,0.13550782203674316,24.087829113006592,0.5273863673210144
43, Scotland,Scotland,0.282010555267334,19.762584924697876,1.0
44, A tenant.,landlord,0.13881683349609375,20.09390139579773,0.7948344349861145
45, 2006,2006,0.13059496879577637,20.08597445487976,1.0000001192092896
46, The 5th century.,5th Century,0.1437511444091797,20.86961817741394,0.9517917633056641
47, The 1920s.,1920s,0.275468111038208,20.874289751052856,0.9437927007675171
48, The 1990s.,the 1990s,0.13065505027770996,20.90726613998413,0.9718548059463501
49, The Constitution.,the Constitution,0.14562058448791504,20.196842908859253,0.9583823084831238
50, Natural law theories of law.,law was believed to have an existence independent of what individual judges said,0.139909029006958,20.81174087524414,0.5024144053459167
51, The Shia Sevener tariqah.,The Shia Sevener,0.1275789737701416,21.43421697616577,0.8814129829406738
52, 8,eight,0.1424250602722168,20.019431591033936,0.9316006898880005
53, 1970s,the 1970s,0.11537718772888184,20.38435697555542,0.960637092590332
54, English common law.,the common law of England,0.1283128261566162,20.335988998413086,0.8732295632362366
55, The Feynman Lectures on Physics,Decline and Fall of the Roman Empire,0.13506674766540527,21.249393463134766,0.049992360174655914
56, 11 pm.,11 pm,0.11272954940795898,20.338340044021606,0.9667209386825562
57, The name of the pub.,the name of the pub,0.13855838775634766,20.80264973640442,0.990662157535553
58, Marven Gardens,Marven Gardens,0.14009547233581543,20.342450618743896,1.0
59, Gas.,gas,0.28045153617858887,20.110960483551025,0.9091596007347107
60, A halo of twelve stars.,"clouds, a golden light, and cherubs. In some paintings the cherubim are holding lilies and roses, flowers often associated with Mary.",0.13049674034118652,20.801501035690308,0.2498050183057785
61," The prayer is not listed in the Quran, but rather in a hadith (a saying or action of the Prophet Muhammad) that mentions a prayer said by Mary (Maryam) in the Quran, which is: ""O my Lord, I have sought refuge with you from the evil of the satan.""",Hannah's prayer in the Quran for her child to remain protected from Satan,0.27734375,32.689804553985596,0.5665186643600464
62, Prime real estate and a potential resort town.,prime real estate and a potential resort town,0.1322934627532959,21.375313997268677,0.9592859745025635
63, The plant cell nucleus.,the plant cell nucleus,0.13135480880737305,20.523051023483276,0.9919365644454956
64, Bacchanals,Bacchanals,0.127608060836792,20.164650917053223,1.0
65, Flooding and power-outages.,flooding and power-outages,0.13169384002685547,21.042028665542603,0.9659023880958557
66, Venice Park,Venice Park,0.12813591957092285,20.087022304534912,1.0
67, Lorenzo Langford,mayor Lorenzo Langford,0.1230306625366211,20.310324668884277,0.8445171117782593
68," ""Infinity""",Infinity,0.13567757606506348,20.176055431365967,0.8775602579116821
69, He initiated the Protestant Reformation.,Protestant Reformation,0.13070058822631836,20.94219207763672,0.8555942177772522
70, A saint.,mortally sinful,0.14043903350830078,20.107070922851562,0.3312828540802002
71, Shia.,"the ""Shia""",0.2712218761444092,19.9121253490448,0.921110212802887
72, 17.037,17.037 square miles,0.1410980224609375,20.3982572555542,0.4712423086166382
73, Article Three of the United States Constitution.,Article Three,0.13433575630187988,21.132989406585693,0.7778658866882324
74, In the small intestine.,in the stomach and gastrointestinal tract,0.11631894111633301,20.54186511039734,0.7733108997344971
75, Arline Greenbaum,Arline Greenbaum,0.14862060546875,20.383473873138428,1.0
76, The 1990s.,1990s,0.14364266395568848,20.92648196220398,0.9253845810890198
77, The Red Lion,The Red Lion,0.1396017074584961,20.097779512405396,1.0
78," The four avenues that surrounded The United States Hotel were Atlantic, Pacific, Delaware, and Maryland Avenues.","Atlantic, Pacific, Delaware, and Maryland Avenues",0.12920498847961426,23.978432178497314,0.7496726512908936
79, Pool (both the British and American versions),pool,0.27190256118774414,21.392388105392456,0.6785587072372437
80, Clerkenwell,Clerkenwell,0.14101290702819824,20.188274145126343,1.0
81, Feynman declined the Institute for Advanced Study offer because he felt that students were a source of inspiration and teaching was a diversion during uncreative spells.,no teaching duties,0.26795029640197754,25.82070016860962,0.2684677839279175
82," The Restatement of Torts has not been fully adopted by all states, with many states choosing to adopt only certain sections and rejecting others.",many states have chosen to adopt only certain sections,0.128187894821167,25.454047679901123,0.6157071590423584
83, Longport.,Longport,0.13139653205871582,20.155773162841797,0.9720672965049744
84, Internal digestion is more efficient because it allows for more of the broken-down products to be captured and the internal chemical environment to be more efficiently controlled.,"more of the broken down products can be captured, and the internal chemical environment can be more efficiently controlled",0.12055850028991699,25.66554856300354,0.5871156454086304
85, The question is not present in the given context.,Pope Pius IX,0.14166617393493652,21.637275218963623,0.14774125814437866
86, Unincorporated communities.,Unincorporated communities,0.13186216354370117,20.86451554298401,0.9557440280914307
87, Princeton University,Princeton University,0.12095093727111816,19.990845918655396,1.0
88," ""Monopoly City""",Monopoly City,0.14615201950073242,20.649242401123047,0.9607925415039062
89," 1,121","1,121",0.2664957046508789,20.444122552871704,1.0
90, regulating them.,regulating them,0.1528623104095459,20.241411924362183,0.9767019152641296
91, In the jaws (or mouths) of many vertebrates.,in the jaws (or mouths),0.13329553604125977,22.122211456298828,0.8051612973213196
92, Fitzrovia,Fitzrovia,0.12174820899963379,20.235816955566406,1.0
93, A small nuclear reactor.,nuclear reactor,0.2755413055419922,20.699939250946045,0.8562448024749756
94, 3.34,3.26,0.14336490631103516,20.25503897666931,0.7471030950546265
95, Federal law and state law.,codified and uncodified,0.2833731174468994,20.75364661216736,0.1251482367515564
96," Pubs are located throughout the United States, but they are most commonly found in areas with a high concentration of Irish and British expatriates, such as Boston, New York City, and San Francisco.",New England,0.15353751182556152,28.00210976600647,0.37322962284088135
97, The Swindon station pub.,Swindon station pub,0.11497116088867188,21.04137945175171,0.9741869568824768
98," ""Public house""",public house,0.13050103187561035,20.405014276504517,0.9590969085693359
99, Islam,Muslims,0.1286602020263672,19.723856687545776,0.8457951545715332
100, He declined to be labeled as Jewish.,Jewish,0.1374819278717041,21.330624103546143,0.5342966318130493
101, Broad interpretations of the Commerce and Spending Clauses of the Constitution.,Commerce and Spending Clauses of the Constitution,0.1278243064880371,22.178379774093628,0.888577938079834
102, The purification of Mary.,purification was eventually associated with the feast of Mary's very conception,0.12563753128051758,20.65928554534912,0.7860506772994995
103, LSD,LSD,0.14116477966308594,19.826250076293945,1.0
104, The Field Code in 1850.,code pleading,0.11422157287597656,21.363523721694946,0.3629147708415985
105, 1854,1854,0.12905120849609375,20.1947762966156,1.0000001192092896
106, Salivary amylase.,salivary amylase,0.1438741683959961,21.22077250480652,0.9785124659538269
107, The Immaculate Conception.,"dogma in Ineffabilis Deus, Pope Pius IX explicitly affirmed that Mary was redeemed in a manner more sublime",0.15731382369995117,21.061665773391724,0.2972180247306824
108, Great Marlow Buckinghamshire,St Thomas Apostle London,0.13964462280273438,20.73362636566162,0.17715029418468475
109, To help hotel owners keep sand out of their lobbies.,to help hotel owners keep sand out of their lobbies,0.1343824863433838,22.019551992416382,0.966745913028717
110," Executives at Trump Entertainment Resorts spoke for the Trump Entertainment Group, stating they were considering the option of selling the Taj and winding down and exiting the gaming and hotel business.",Executives,0.14461350440979004,26.931737422943115,0.3737686276435852
111, C. S. Lewis,C. S. Lewis,0.13470244407653809,20.644529819488525,1.0
112, The mantle of the imamate.,mantle of the imamate,0.1496896743774414,20.97683596611023,0.9645789861679077
113, Pub and gastronomy.,pub and gastronomy,0.1301286220550537,20.65537452697754,0.9762341976165771
114, The pancreas secretes chymotrypsin.,the pancreas,0.14567852020263672,22.097997665405273,0.6929595470428467
115," The photo was of a section of the Boardwalk that was slated for repairs before the storm, and was mistakenly believed to be a result of the storm damage.","the Boardwalk that was slated for repairs, prior to the storm",0.1427013874053955,26.320471048355103,0.801832377910614
116, The Trinity bomb test.,Trinity bomb test,0.14541149139404297,20.52726435661316,0.9570300579071045
117, They are often closed down.,closed down,0.12326335906982422,20.86765766143799,0.5807337760925293
118," Three: Bally's, Caesars, and Harrah's.",three,0.14177370071411133,22.658613920211792,0.44838207960128784
119, 23.1% of families and 25.3% of the population were below the poverty line.,23.6%,0.28110814094543457,24.226705312728882,0.43390488624572754
120, Dick Turpin,Dick Turpin,0.1320793628692627,20.18957781791687,1.0
121, Saint Joachim and Saint Anne.,Saint Joachim and Saint Anne,0.13690853118896484,21.131453037261963,0.9891971349716187
122, 43%,43%,0.1454453468322754,20.29942512512207,1.0
123, Purpose-built pubs are typically located on corners or road junctions.,corners or road junctions,0.13203668594360352,22.28503108024597,0.578208863735199
124," ""You have the right to remain silent. Anything you say can and will be used against you in a court of law. You have the right to an attorney. If you cannot afford an attorney, one will be provided for you. Do you understand these rights as they have been read to you?""",Miranda warning,0.13612937927246094,32.149370431900024,0.29142093658447266
125, The Queen Vic,The Queen Vic,0.13066363334655762,20.11554718017578,1.0000001192092896
126, A $1.5–2 billion casino resort.,$1.5–2 billion casino resort,0.15311217308044434,21.882481336593628,0.9677447080612183
127," Contract law is a branch of law that governs the formation, performance, and enforcement of agreements between parties.",obligations established by agreement (express or implied) between private parties,0.13103628158569336,24.12200927734375,0.408827006816864
128," The role of Imams is to provide commentary and interpretation of the Quran, as well as guidance to their followers.",providing commentary and interpretation of the Quran,0.16156435012817383,24.258219480514526,0.6465045809745789
129, The Atlantic Club.,Atlantic Club,0.2762737274169922,20.41865873336792,0.9458060264587402
130, Allah,Allah,0.12610960006713867,19.931092023849487,1.0000001192092896
131," John Manners, Marquess of Granby.","John Manners, Marquess of Granby",0.1360926628112793,21.8822762966156,0.9817874431610107
132, Through the small intestine into the blood stream.,these smaller substances are absorbed through the small intestine into the blood stream,0.1329326629638672,21.361848831176758,0.6890491843223572
133, The Cock Tavern.,the Cock Tavern,0.2772030830383301,20.418158292770386,0.9802922010421753
134, The rule of strict liability for defective products.,rule of strict liability for defective products,0.1426258087158203,21.48177671432495,0.9714646935462952
135," They have gone into concealment, also known as the Occultation.",Occultation,0.2770817279815674,22.63667058944702,0.6560289859771729
136, AD 460,460,0.12984132766723633,20.118635177612305,0.6582562923431396
137, State law.,"""living law""",0.12511706352233887,20.104965448379517,0.5110676884651184
138, The rule of precedent became possible in the U.S. in the 19th century after the creation of a clear court hierarchy and the beginning of regular verbatim publication of U.S. appellate decisions.,"in the absence of case law, it would be completely unworkable for every minor issue in every legal case to be briefed, argued, and decided",0.11454081535339355,27.97748064994812,0.3871913254261017
139, None of the authors use any form of proof for credit given to the other religion.,"passage in the Qur'an, ""I have called her Mary; and I commend her to thy protection, and also her issue, against Satan driven away with stones",0.2767806053161621,23.07943606376648,0.2454501986503601
140, 1086,1086,0.1278541088104248,20.151850938796997,1.0
141, A blood and nerve supply.,a blood and nerve supply,0.13420486450195312,20.774396181106567,0.9624701738357544
142, Ye Olde Salutation Inn is located in Nottingham.,Nottingham,0.13355278968811035,21.797656536102295,0.5781410932540894
143," Reception statutes are laws that state that the common law of England is the law of a state, to the extent that it is not repugnant to domestic law or indigenous conditions.",the common law of England (particularly judge-made law) is the law of the state,0.14915728569030762,27.06988215446472,0.6119363307952881
144, The Bethe-Feynman formula was used to calculate the yield of a fission bomb.,calculating the yield of a fission bomb,0.1292130947113037,23.60499358177185,0.7373865842819214
145, Tabernae,tabernae,0.141768217086792,20.14594602584839,1.0000001192092896
146," The ""ghosts"" in the Yang-Mills theories.",QCD and the electro-weak theory,0.12640690803527832,22.048503637313843,0.4698956310749054
147, British,British,0.13357162475585938,19.63524842262268,1.0
148, Criminal law.,wrongs also punishable by criminal law,0.14459848403930664,20.170923948287964,0.5541001558303833
149, Alcohol to the general public.,it is licensed to sell alcohol,0.13305211067199707,20.803075313568115,0.5564603805541992
150, 1446,1446,0.13266229629516602,20.16811990737915,1.0
151, Energy.,energy,0.11353015899658203,19.962570428848267,0.8861300349235535
152, Gardner's Basin.,Gardner's Basin,0.1318361759185791,20.396186113357544,0.98553067445755
153, The stomach and duodenum.,in the stomach and duodenum,0.1336512565612793,20.92656970024109,0.9254670143127441
154, Theme pubs.,theme pubs,0.13428640365600586,20.194511651992798,0.9611319899559021
155," A massive overlay of federal constitutional case law interwoven with federal and state statutes that provide the foundation for the creation and operation of law enforcement agencies and prison systems, as well as the proceedings in criminal trials.",federal constitutional case law interwoven with the federal and state statutes,0.14141631126403809,28.1732394695282,0.6718505620956421
156, The abomasum.,The abomasum,0.13021397590637207,20.62216591835022,0.9860237836837769
157, Safety procedures for material storage to avoid criticality accidents.,safety procedures,0.13410139083862305,21.86103892326355,0.6212868690490723
158, Tort law.,Tort law,0.18479204177856445,20.354533195495605,0.9706741571426392
159, lectures,lectures,0.2652316093444824,19.677306413650513,1.0
160, Louisiana.,Louisiana,0.11942148208618164,19.907832860946655,0.9610179662704468
161, Alex Kozinski,federal judge Alex Kozinski,0.28006505966186523,20.407180547714233,0.7309746742248535
162, A borough ale taster.,inspectors,0.1285078525543213,20.786625146865845,0.1574009209871292
163, The Tropicana Casino and Resort Atlantic City.,Tropicana Casino and Resort Atlantic City,0.1175241470336914,21.682947158813477,0.9738484025001526
164, A subsequent statute.,a subsequent statute,0.1362590789794922,20.317803144454956,0.9728955030441284
165, Earlier in evolutionary history.,earlier in evolutionary history,0.12079620361328125,20.510996103286743,0.9671308994293213
166, Cargo cult science.,cargo cult science,0.11471819877624512,20.39381718635559,0.9828208088874817
167," 56,000","272,795",0.14321398735046387,20.41332173347473,0.4057859778404236
168, 1915,1915,0.14268851280212402,20.22463369369507,0.9999999403953552
169, Peristalsis.,swallowing and peristalsis,0.1469881534576416,20.64917230606079,0.7011798620223999
170, City Road,City Road,0.13695311546325684,20.11055040359497,1.0
171, The Shia Nizari Ismailis.,Shia Nizari Ismailis,0.13727378845214844,21.473734617233276,0.9631835222244263
172, Ye Olde Cock Tavern,Ye Olde Cock Tavern,0.12389540672302246,20.696829319000244,1.000000238418579
173, Genesis 3:15,Genesis 3:15,0.12369179725646973,20.62699294090271,0.9999999403953552
174, He wanted to avoid damaging his brain.,he did not want to do anything that could damage his brain,0.14168167114257812,21.245909452438354,0.7808966636657715
175, 75.6 °F (24.2 °C),75.6 °F,0.27843284606933594,22.22775149345398,0.9109957218170166
176, Greenman v. Yuba Power Products,Greenman v. Yuba Power Products,0.12894225120544434,21.37635040283203,1.0
177, 35 years.,36.3 years,0.2625300884246826,20.392760515213013,0.7650785446166992
178, Shepherd Neame,Shepherd Neame,0.14336729049682617,20.18672251701355,1.0
179, She put a green bush up on a pole.,the Anglo-Saxon alewife would put a green bush up on a pole,0.1441516876220703,21.537842988967896,0.6540079712867737
180, American civil procedure.,American civil procedure,0.137556791305542,20.31217050552368,0.9772577285766602
181, The 18th century.,18th,0.12432694435119629,20.776039838790894,0.5371841788291931
182," the ""light cone"".",light cone,0.13491153717041016,20.61417031288147,0.9144431352615356
183, The cephalic phase.,the cephalic phase,0.12994742393493652,20.847910404205322,0.9718773365020752
184," The Ark of Noah, the ladder that Jacob saw, the bush that Moses saw, the tower before the enemy, the garden enclosed on all sides, the resplendent city of God, and the most august temple of God.","the Fathers saw foreshadowings of Mary's ""wondrous abundance of divine gifts and original innocence",0.13967514038085938,29.07622790336609,0.2914001941680908
185, The report concluded that the teaching about Mary in the two definitions of the Assumption and the Immaculate Conception can be said to be consonant with the teaching of the Scriptures and the ancient common traditions.,Assumption and the Immaculate Conception can be said to be consonant with the teaching of the Scriptures and the ancient common traditions.,0.13555216789245605,28.25892972946167,0.8499548435211182
186," In Islam, it is stated that every human child is born pure and immaculate, but is touched by Satan at birth, except for Mary and Jesus.","every person that comes into the world, is touched at his birth by the devil",0.12704086303710938,26.18789839744568,0.6208984851837158
187, A strip pub.,strip pubs,0.1447739601135254,20.385285139083862,0.7825088500976562
188, A highway.,highway,0.15762829780578613,20.18021321296692,0.8927591443061829
189, The United States Code.,The United States Code,0.27824997901916504,20.51948070526123,0.9667985439300537
190," 27.3% of 15,504 households had children under the age of 18 living with them.",27.7%,0.12111854553222656,24.393239974975586,0.3513496518135071
191," 5 towns share a border with Atlantic City: Absecon, Brigantine, Pleasantville, Ventnor City, and West Atlantic City.","Absecon, Brigantine, Pleasantville, Ventnor City and West Atlantic City",0.2744135856628418,25.61454463005066,0.8007912039756775
192, Thomas Aquinas,"Critics included Saints Bernard of Clairvaux, Albertus Magnus and Thomas Aquinas.",0.15154147148132324,20.132039785385132,0.5326861143112183
193," Over 8,000.","over 8,000",0.28004002571105957,20.762256145477295,0.9744600057601929
194," Digestion is the breakdown of large food molecules into smaller, water-soluble molecules that can be absorbed into the bloodstream.",the breakdown of large insoluble food molecules into small water-soluble food molecules so that they can be absorbed into the watery blood plasma,0.12627196311950684,24.85581350326538,0.7133239507675171
195," A pretrial deposition is a sworn testimony given by a witness outside of court, typically in a lawyer's office, to be used as evidence in a trial.",summary judgment,0.11528301239013672,26.14565873146057,0.23386068642139435
196, Hubert Humphrey,Hubert Humphrey,0.13703179359436035,20.52703285217285,1.0000001192092896
197, Revel,Revel,0.12263250350952148,19.785037517547607,0.9999999403953552
198," The sign that indicates the Divine Leader is his well-known ties of kinship with Muhammad and his clear appointment, allowing people to distinguish him from others.",his well-known ties of kinship with Muhammad,0.1389317512512207,25.7737877368927,0.6381637454032898
199, Approximately £168.,£168,0.27747225761413574,20.547581911087036,0.9037511348724365
200," The owner, tenant or manager of a pub is properly known as the ""pub landlord"".",pub landlord,0.13819289207458496,23.245538234710693,0.8141956925392151
201, Islam,claim that the immaculate conception of Mary is a teaching of Islam.,0.2771766185760498,19.70872664451599,0.4988975524902344
202," State courts primarily hear cases involving claims and defenses under state laws, including traffic cases, criminal cases, civil cases, domestic relations cases, and juvenile cases.",involve claims and defenses under state laws,0.12979698181152344,26.0589120388031,0.6060648560523987
203," May 11, 1918","May 11, 1918",0.12771868705749512,21.020533561706543,1.0000001192092896
204, City Island,City Island,0.12407922744750977,20.074185609817505,1.0000001192092896
205, 239 days.,239 days,0.13219237327575684,20.378170251846313,0.9748129844665527
206, State courts are not bound by federal interpretations of state law.,state courts are not bound by federal interpretations of state law,0.12375998497009277,22.174314737319946,0.9483640193939209
207, The mouth.,in the mouth with the secretion of saliva and its digestive enzymes,0.12917113304138184,20.18178701400757,0.5781589150428772
208, Far Rockaway,Queens,0.1414029598236084,20.209981203079224,0.30710890889167786
209, Community gathering places.,community gathering places,0.1390671730041504,20.310108184814453,0.9777660369873047
210, The Supreme Court.,the Supreme Court,0.13077235221862793,20.386458158493042,0.9724016785621643
211, The Bohras.,Bohras,0.12824702262878418,20.459564208984375,0.9236292839050293
212," 40,517","40,517",0.12423443794250488,20.477092266082764,1.0000001192092896
213," The Shia Islam doctrine of religious, spiritual and political leadership of the Ummah is called Imamah.",Imamah,0.2784535884857178,23.90679693222046,0.7065445184707642
214, The small intestine.,blood,0.12380599975585938,20.48103356361389,0.36369913816452026
215, Contract law covers obligations established by agreement (express or implied) between private parties.,express or implied,0.13833379745483398,22.84168004989624,0.36168456077575684
216, The gizzard.,The powerful muscles of the gizzard,0.13512372970581055,20.470988750457764,0.7063782811164856
217, Slug and Lettuce,Slug and Lettuce,0.2831120491027832,20.594486236572266,1.0
218," An ""overhead charge"" on the energy made available from absorbed substances.","an ""overhead charge""",0.1376509666442871,22.821555614471436,0.6653909087181091
219, The automobile.,automobile,0.27954626083374023,20.208839178085327,0.900092601776123
220," The monk of minor explained that the change in reputation could be of benefit to Mary as it would allow her to be seen as a more perfect and holy figure, free from the stain of original sin, and thus more worthy of reverence and devotion.",rather it was the result of a more perfect redemption granted her because of her special role in salvation history.,0.1286463737487793,29.51043677330017,0.5168589353561401
221, A home burglar alarm system.,home burglar alarm system,0.1483018398284912,21.059854745864868,0.9279011487960815
222, The Marlborough-Blenheim Hotel and the Traymore Hotel.,Marlborough-Blenheim Hotel and the Traymore Hotel,0.1369941234588623,22.257220029830933,0.9909055829048157
223, Irish pubs.,Irish pubs,0.13175487518310547,20.189550638198853,0.9689041972160339
224, 1929,1929,0.11884450912475586,20.19366145133972,1.0
225," ""The Fox""",the Fox,0.26535725593566895,20.407785892486572,0.9318661689758301
226, The United States Hotel.,The United States Hotel,0.15864062309265137,20.628384351730347,0.9787741899490356
227, Independent breweries.,commercial breweries,0.26580309867858887,20.15298581123352,0.8178238868713379
228, Hussayn ibn 'Ali,Hussayn ibn 'Alī,0.13519978523254395,21.01899790763855,1.0
229, The text does not mention the Angel pub.,a Co-operative Bank,0.14302611351013184,21.310882091522217,0.10912206023931503
230," Because of immense size and diversity, with many states adopting only certain sections of the Restatements and rejecting others.",immense size and diversity,0.13573050498962402,24.344793796539307,0.4408653974533081
231," Each state possesses its own constitution, government, and courts.","state constitutions, state governments, and state courts",0.1367037296295166,21.974523067474365,0.7990887761116028
232, Local councils.,the local council,0.1184835433959961,20.226608753204346,0.8885616660118103
233, Gin houses.,gin houses,0.15615534782409668,20.13914704322815,0.9854979515075684
234, Indian reservations.,Indian reservations,0.13460493087768555,20.25139284133911,0.9519280195236206
235, The Woolpack,the Woolpack,0.14348912239074707,20.21308398246765,1.0
236, Stoat,weasel,0.12207674980163574,19.894139051437378,0.27122628688812256
237, State law.,state law,0.14143705368041992,20.134196758270264,0.9329242706298828
238, Boulogne-sur-Mer Harbour.,Boulogne-sur-Mer Harbour,0.14346933364868164,21.22416114807129,0.9856116771697998
239, The Occultation.,The Occultation,0.27808308601379395,20.595568656921387,0.9780610203742981
240, The Commerce and Spending Clauses of the Constitution.,Commerce and Spending Clauses,0.13910627365112305,21.608041048049927,0.8116081953048706
241," Lifestyle, behavior, and physical structures.","lifestyle, behavior, and even physical structures",0.12599945068359375,21.12716507911682,0.9749633073806763
242, The Quran does not take a view on the sinful ways in which Mary could have been conceived.,"Muslim tradition or hadith, which states that the only children born without the ""touch of Satan,"" were Mary and Jesus.",0.1463634967803955,23.598718643188477,0.5395495295524597
243, He thought a spy or saboteur had gained access to atomic bomb secrets.,saboteur had gained access to atomic bomb secrets,0.14529681205749512,22.882262229919434,0.8738695383071899
244, 1878,1878,0.1385025978088379,20.23912215232849,1.0
245, The Holy Roman Church ruled that the feast of the Immaculate Conception could be celebrated in certain dioceses with the permission of the Holy See.,stated that belief in the immaculate conception of Mary is in accord with the Catholic faith.,0.13341212272644043,25.937748670578003,0.5460716485977173
246," The act of deciding a case becomes a limited form of lawmaking in itself, in that an appellate court's rulings will thereby bind itself and lower courts in future cases.",stare decisis,0.1266636848449707,26.656840562820435,0.330008327960968
247," Beer, wine, spirits, and soft drinks.","beers, wines, spirits, and soft drinks and snacks",0.26621317863464355,21.667237281799316,0.9079694747924805
248, The traditional function of country pubs has been changing over the last 30 years.,the last thirty,0.14487361907958984,22.842079162597656,0.24724796414375305
249," It is assigned a law number, prepared for publication as a slip law, and then compiled into bound volumes called the United States Statutes at Large.",assigned a law number,0.2756040096282959,25.76093053817749,0.6553089022636414
250, Organized crime figures from across America.,organized crime figures from all across America,0.12631559371948242,21.20509696006775,0.9723557233810425
251," In Shia Islam, the word ""Imam"" refers to a person who is designated as infallible by the preceding Imam, and is a member of the house of Muhammad.",members of the house of Muhammad designated as infallible,0.1311626434326172,26.90177011489868,0.6245951056480408
252," Southwark, London",London,0.14510154724121094,20.695119619369507,0.754589319229126
253, The hypothalamus and medulla oblongata.,the hypothalamus and medulla oblongata,0.27838683128356934,21.841112852096558,0.9930205941200256
254, The Immaculate Conception.,Anglican-Roman Catholic International Commission,0.14847183227539062,21.024272203445435,0.22519713640213013
255, Turner.,Turner,0.12854456901550293,20.020515203475952,0.9681836366653442
256, 12 noon.,12 noon,0.1449298858642578,20.43379783630371,0.9765414595603943
257, The release of vesicles seems to be a general response to stress conditions.,response to stress conditions,0.1379406452178955,22.78399968147278,0.5350483655929565
258," The common law of England, to the extent that it is not repugnant to domestic law or indigenous conditions.",common law of England,0.1356644630432129,24.35815930366516,0.836050271987915
259, John Lofting,John Lofting,0.13334345817565918,20.21542000770569,1.0
260, The Bull and Bladder.,The Bull and Bladder,0.14532136917114258,20.85455560684204,0.9894835352897644
261, A court decision that refuses to enforce a constitutional statute.,"hopeless inefficiency, instability, and unpredictability",0.15755963325500488,21.85581636428833,0.1488061547279358
262," Lactase is an enzyme that breaks down lactose, a sugar found in milk, into glucose and galactose, allowing for its absorption into the bloodstream.",an enzyme that breaks down the disaccharide lactose to its component parts,0.13570857048034668,26.373583555221558,0.7642879486083984
263, Price and McLanahan,Price and McLanahan,0.27540135383605957,20.58295965194702,1.0
264, Spirits and fortified wines.,spirits and fortified wines,0.12036013603210449,20.530126571655273,0.9675386548042297
265, 18th century,18th,0.12912440299987793,20.326269149780273,0.5833806395530701
266, O'Neill's,O'Neill's,0.13604402542114258,20.200892210006714,1.0
267, the verdict,seal and signature,0.24875402450561523,20.06499671936035,0.15731710195541382
268, They were concerned about the accuracy of the reports.,By 1879 one of the delegates to the California constitutional convention was already complaining,0.13617157936096191,21.610950708389282,0.21015213429927826
269, 94.4,93.2,0.27637553215026855,20.395572185516357,0.8134936690330505
270, He would forfeit his ale.,forfeit his ale,0.11222600936889648,21.01871085166931,0.8450638055801392
271, A triglyceride.,a triglyceride,0.12159061431884766,20.584907293319702,0.9684816002845764
272, Innkeepers.,innkeepers,0.1266770362854004,20.209336519241333,0.9768224954605103
273," November 11, 2006.","November 11, 2006",0.1319444179534912,21.186686038970947,0.981592059135437
274, The Skyscraper By The Sea.,Skyscraper By The Sea,0.1398324966430664,21.15395760536194,0.9782524108886719
275, Fats.,Microbes produced in the reticulo-rumen are also digested in the small intestine,0.1299901008605957,20.115516901016235,0.17805218696594238
276, 19th century.,19th,0.1245877742767334,20.608344554901123,0.7332381010055542
277, They were considering selling the Taj and winding down and exiting the gaming and hotel business.,selling,0.13332080841064453,23.140069007873535,0.3157656192779541
278, Louisiana.,Louisiana,0.13304996490478516,19.970936059951782,0.9610179662704468
279, The United States Code.,The United States Code,0.14478087425231934,20.624489068984985,0.9667985439300537
280, The author of the texts entailed in the fifth part of the collection about the Roman Catholic Church is not specified.,Edward Gibbon,0.13017868995666504,24.362318515777588,0.12654273211956024
281, The 1st century.,the 1st Century,0.1404561996459961,20.66390323638916,0.980821430683136
282, 14 years (1919-1933),until 1933,0.13259005546569824,21.68594002723694,0.722693681716919
283, They bring the beer out to the table.,bring the beer out to the table,0.27659034729003906,21.351249933242798,0.8919984102249146
284, Tuva or Bust,Genghis Blues,0.14756488800048828,20.434717416763306,0.05435565114021301
285, Denmark,Denmark,0.12592554092407227,19.767808198928833,1.0000001192092896
286, London,London,0.13264870643615723,19.769580125808716,1.0
287, Stare decisis.,the principle of stare decisis,0.13683557510375977,20.533289670944214,0.8644187450408936
288, Canonbury,Canonbury,0.12874794006347656,20.03281021118164,1.0000001192092896
289," In the smoke room, a higher price was paid for beer.",higher,0.1333599090576172,22.285250425338745,0.267344206571579
290, The Feynman Lectures on Physics pull information from Caltech undergraduates in 1961–64.,compiled from lectures to Caltech undergraduates in 1961–64,0.1322953701019287,24.113940477371216,0.6919020414352417
291, The Supreme Court must be petitioned for a writ of certiorari.,constitutionality has been expressly established in prior cases,0.3042287826538086,22.524146795272827,0.44957706332206726
292, Jesus,Eve before the fall,0.13653945922851562,19.709747791290283,0.15811331570148468
293," According to the teaching of Islam, Mary was touched by the devil at birth, but God placed a veil between her and the devil, making her and her child Jesus sinless.","Mary and her son only excepted; between whom, and the evil spirit God placed a veil, so that his touch did not reach them.",0.1452326774597168,27.043867111206055,0.7580722570419312
294, Ye Olde Cheshire Cheese,Ye Olde Cheshire Cheese,0.1452198028564453,20.851585149765015,1.0
295, The 1964 Democratic National Convention.,Democratic National Convention,0.15193581581115723,21.251403093338013,0.7912896871566772
296, Pleasantville,Pleasantville,0.14763236045837402,19.974299430847168,1.000000238418579
297, Sundays.,Sundays,0.12015438079833984,20.046101093292236,0.9696711301803589
298," According to Shia Islam, a prophet must be appointed by God and have divine protection and nobility.",guide the people,0.12918758392333984,23.55953598022461,0.12770822644233704
299," Saliva is a liquid secreted by the salivary glands in the mouth that contains enzymes to break down food, particularly starches, and mucus to lubricate the food.",a liquid secreted by the salivary glands,0.14005756378173828,27.177178859710693,0.7560294270515442
300, 65%,Approximately 65 percent,0.1402444839477539,20.234473943710327,0.8351592421531677
301, A pub.,the pub,0.16115760803222656,20.224173307418823,0.8901269435882568
302, Gastro-pubs.,gastro-pubs,0.14222478866577148,20.622908353805542,0.9847953915596008
303, 8,eight,0.13287758827209473,19.883288621902466,0.9316006898880005
304," The Shia believe that the rightful successors of Muhammad are the Imams, who are part of the Ahl al-Bayt, the family of Muhammad.",Imams,0.11239027976989746,25.976986408233643,0.5827779769897461
305, 6.290 square miles,6.290 square miles,0.13292169570922852,20.792323350906372,1.0
306, 1982,1982,0.1495349407196045,20.181666612625122,1.0000001192092896
307," ""The Tunnel Project""",The Tunnel Project,0.1227574348449707,20.506046533584595,0.9313064217567444
308, The Bethe–Feynman formula for calculating the yield of a fission bomb.,Bethe–Feynman formula,0.1331183910369873,23.343178510665894,0.6391570568084717
309, A madhhab is a school of thought in Islamic jurisprudence.,school of thought,0.15590977668762207,22.718878030776978,0.3120388984680176
310, Depression.,depression,0.13594603538513184,20.0644588470459,0.8506664633750916
311, 10:30 pm.,10:30 pm,0.1303238868713379,20.729841232299805,0.9715651273727417
312, Governor Chris Christie,Governor Chris Christie,0.1395881175994873,20.30393385887146,1.0
313, A monogastric stomach.,a monogastric stomach,0.12203335762023926,20.980597734451294,0.9851815104484558
314, $2.9 billion,$2.9 billion,0.13168597221374512,20.638642072677612,1.0
315, The Royal Society (ForMemRS),Royal Society,0.1365673542022705,21.151042699813843,0.775716245174408
316," Crowborough, East Sussex.",Crowborough,0.1320633888244629,20.739852905273438,0.7778245806694031
317," A widely circulated photograph of a damaged section of the Boardwalk that was slated for repairs, prior to the storm, and incorrect news reports at the time of the disaster.",photograph,0.27703118324279785,26.650425910949707,0.4251994490623474
318, Because appellate decisions from many American courts were not regularly reported until the mid-19th century.,reporters often simply rewrote or failed to publish decisions which they disliked,0.14065051078796387,23.50429677963257,0.2525951564311981
319, 1393,1393,0.1233823299407959,20.265873670578003,1.0000001192092896
320, 1938,1938,0.11641454696655273,20.093459844589233,1.0
321, Masseria family,Masseria family,0.13479328155517578,20.101093769073486,1.0000001192092896
322, NASA,NASA,0.13501524925231934,19.820839643478394,1.0
323," Their inactive precursors, the zymogens.","inactive precursors, the zymogens",0.1252589225769043,21.639842748641968,0.9649982452392578
324, The American Revolution (1775-1783),mid-19th century,0.14600491523742676,21.624374866485596,0.36007821559906006
325, On the exterior of his van.,his van,0.12989377975463867,21.024160623550415,0.7283819317817688
326, 1869,1869,0.13520050048828125,20.160940647125244,1.0
327, Many modern real ale micro-brewers in the UK started as home-based Beer House brewers under the 1830 Act.,real ale micro-brewers,0.13538146018981934,24.56352972984314,0.6726588010787964
328, Horses.,horses,0.14263582229614258,20.26018714904785,0.9587976336479187
329, Massachusetts and Atlantic Avenue.,Massachusetts and Atlantic Avenue,0.13040924072265625,20.533967971801758,0.9855116605758667
330, Carlsberg and Heineken.,Carlsberg and Heineken,0.13569211959838867,21.10332489013672,0.9821594953536987
331, Greenman v. Yuba Power Products.,Greenman v. Yuba Power Products,0.13231849670410156,21.4655978679657,0.9580318331718445
332," Detailed information about the public house, its address, owner, licensee, and misdemeanors of the licensees, often going back for hundreds of years.",owner,0.11750602722167969,25.841776609420776,0.21056830883026123
333, 1973,1973,0.11709451675415039,20.092994213104248,1.0
334, The chyme goes to the small intestine.,the small intestine,0.1468183994293213,21.453956842422485,0.7363079786300659
335, Gastropub,gastropubs,0.2800788879394531,20.20528244972229,0.9267184734344482
336, Byzantine Empire,Greek theologians of Byzantium,0.13596701622009277,20.277013778686523,0.509455144405365
337, 1945,1945,0.12437248229980469,20.15523672103882,1.0000001192092896
338, BCPF (Brazilian Center for Physics Research),Brazilian Center for Physics Research,0.1320650577545166,21.569387912750244,0.719253659248352
339, Ashkenazi,Ashkenazi,0.13037943840026855,20.22748637199402,1.0
340," A pub was often tied to a brewery in the 19th century, meaning it was required to sell only that brewery's beer.",the modern tied house system,0.13144612312316895,25.28996968269348,0.12432973831892014
341, 1 in 200.,1 in 200,0.11985564231872559,20.94245982170105,0.9724376201629639
342, A perfect score.,perfect score,0.14665842056274414,20.41987180709839,0.9040616154670715
343, The uranium hydride bomb.,uranium hydride bomb,0.264345645904541,21.014423608779907,0.9424283504486084
344, 24.6%,24.6%,0.13025569915771484,20.6946964263916,1.0
345, 1883,1883,0.13756370544433594,20.17154574394226,1.0
346, Retirees from the military and the police often sought licenses for pubs.,ex-servicemen or ex-policemen,0.15082812309265137,22.718955516815186,0.5325417518615723
347, Monopoly,Monopoly,0.2703695297241211,19.98747158050537,1.000000238418579
348, Opines.,opines,0.12179923057556152,20.19208335876465,0.975601851940155
349, The Nizari Ismailis,"Some Lutherans, such as the members of the Anglo-Lutheran Catholic Church, support the doctrine.",0.1351470947265625,20.91161060333252,0.017614617943763733
350, The mid-19th century.,19th century,0.11713075637817383,20.932596445083618,0.9212992787361145
351, The author does not state that the Roman Catholic Church received her facts and confirmations.,Mohametan Bible,0.2799496650695801,23.11246943473816,0.16019999980926514
352, Sunday League Football,Sunday League Football,0.13335037231445312,20.188315868377686,1.0
353, Bowling.,Bowling,0.11810874938964844,20.002925634384155,0.9509069323539734
354, 7 miles (11 km),about 7 miles,0.12183952331542969,21.015084505081177,0.814198911190033
355, A sports bar.,sports bar,0.13281679153442383,20.369154691696167,0.9173073768615723
356, A separate taproom.,taproom,0.13082599639892578,20.72006106376648,0.8493110537528992
357, The Defence of the Realm Act of August 1914.,the Defence of the Realm Act,0.13753509521484375,22.017277002334595,0.7950853705406189
358, Charles Darrow,Charles Darrow,0.12287497520446777,20.196687936782837,1.0
359, 1963,1963,0.28818631172180176,20.10704779624939,1.0
360, State and territorial laws.,conflicting state and territorial laws,0.13789939880371094,20.525693893432617,0.8085681200027466
361, 2:124,Genesis 17:19–20,0.1318190097808838,20.398094415664673,0.29708656668663025
362," ""Surely You're Joking, Mr. Feynman!""","Surely You're Joking, Mr. Feynman!",0.14778828620910645,22.480764389038086,0.8565658926963806
363," In the UK, public house licenses were granted at special Licensing Sessions courts.",special Licensing Sessions courts,0.2832484245300293,22.697394847869873,0.6830863952636719
364, Federal government.,Federal criminal law,0.1467423439025879,20.23565983772278,0.5238754749298096
365, They are often renamed by the new owners.,renamed,0.15243101119995117,21.482086420059204,0.5594766139984131
366, 1984,1984,0.16004347801208496,20.204238176345825,1.0
367," The bill is delivered to the Office of the Federal Register (OFR) of the National Archives and Records Administration (NARA) where it is assigned a law number, and prepared for publication as a slip law.",Office of the Federal Register (OFR) of the National Archives and Records Administration (NARA),0.27523207664489746,28.464661121368408,0.7079609632492065
368," The monk believed Mary to be ""prepurified"" or ""immaculate"" from the first moment of her existence.",that from a rational point of view it was certainly as little derogatory to the merits of Christ,0.1464405059814453,24.769549131393433,0.23516061902046204
369, Chelsea,Chelsea,0.14277958869934082,19.697450160980225,1.0
370," The pinch off part of the outer membrane forms spherical structures made of a lipid bilayer enclosing periplasmic materials, known as outer membrane vesicles.",", forming spherical structures made of a lipid bilayer enclosing periplasmic materials",0.13177776336669922,26.156687259674072,0.8018072843551636
371, The law of the United States.,law of the United States,0.14169931411743164,21.01104211807251,0.92377769947052
372, Richard Feynman's younger brother died at four weeks of age.,died at four weeks of age,0.13512539863586426,22.50388526916504,0.5410321354866028
373, The United States Code.,The United States Code,0.1448962688446045,20.646613836288452,0.9667985439300537
374, The Mustali Ismaili Shia Muslims are also known as the Bohras or Dawoodi Bohra.,Bohras/Dawoodi Bohra,0.13876581192016602,24.181117296218872,0.6875890493392944
375, The Feynman Algorithm or The Feynman Problem-Solving Algorithm,The Feynman Problem-Solving Algorithm,0.28288722038269043,22.510310411453247,0.9192917943000793
376, Two millennia ago.,two,0.14428377151489258,20.516798973083496,0.30711454153060913
377," He criticized them for not calculating anything, not checking their ideas, and making up explanations for any discrepancies with experiments.",they don't check their ideas,0.27569031715393066,24.34383511543274,0.4104047119617462
378, Supermarkets.,supermarkets,0.1284189224243164,20.1801598072052,0.9508704543113708
379, The question is not clear.,Pius IX was relieved of the problem of seeming to foster a doctrine not in agreement with the Aquinas' teaching.,0.2771751880645752,20.808338165283203,0.059748269617557526
380, The Cross.,The Cross,0.13217473030090332,20.154396533966064,0.9781121611595154
381, Chips.,chips,0.1384873390197754,20.01831293106079,0.9340425729751587
382, State courts.,impliedly binds all persons within the court's jurisdiction,0.13927459716796875,20.239555835723877,0.5034022331237793
383, A girl.,a girl,0.13283824920654297,20.18416166305542,0.9840068817138672
384, The 1970s and 1980s.,1970s and 1980s,0.14528656005859375,21.926557064056396,0.9562567472457886
385," American courts rarely follow post-Revolution Commonwealth rulings unless there is no American ruling on point, the facts and law at issue are nearly identical, and the reasoning is strongly persuasive.",there is no American ruling on point,0.12725186347961426,26.935502529144287,0.5184767842292786
386, 1677,"1677, the Holy See condemned the belief that Mary was virginally conceived,",0.1305074691772461,20.30247926712036,0.39774075150489807
387, Johnson and Hughes.,Johnson and Governor of New Jersey Richard J. Hughes,0.2769591808319092,20.45064640045166,0.7259150147438049
388, Tina Levitan's The Laureates: Jewish Winners of the Nobel Prize,The Laureates: Jewish Winners of the Nobel Prize,0.12636137008666992,22.367371797561646,0.771827757358551
389, 40 inches,40 inches,0.14925146102905273,20.17827868461609,1.0
390, The mouth.,in the mouth,0.18410968780517578,20.11515712738037,0.7738673090934753
391, Trafalgar.,Trafalgar,0.29029178619384766,20.636451721191406,0.9866129159927368
392, The Crown Tavern,The Crown Tavern,0.14083266258239746,20.261548042297363,1.0
393, The United States Constitution.,The Constitution,0.1360781192779541,20.531063318252563,0.9075641632080078
394, The police.,the police,0.1421349048614502,20.28874635696411,0.9698508381843567
395, Dean Mark Ingraham of the College of Letters and Science.,Dean Mark Ingraham,0.13191723823547363,22.552851676940918,0.7643338441848755
396, Canada,the UK,0.1319904327392578,19.689449787139893,0.7003459334373474
397, Jesus,"Jesus Christ, the Savior of the human race.",0.28484320640563965,19.812456369400024,0.5334470272064209
398, States are allowed to use plenary power when there is no federal issue (and thus no federal supremacy issue) in a case.,absence of constitutional or statutory provisions replacing the common law,0.11561083793640137,24.9005708694458,0.340463250875473
399, The Philadelphia and Atlantic City Railway.,Philadelphia and Atlantic City Railway,0.12277793884277344,20.977455615997314,0.9720123410224915
400," Through deputies (an-nuwāb al-arbaʻa or ""the Four Leaders"") who represented him and acted as agents between him and his followers.",via deputies,0.13440966606140137,26.291735649108887,0.41681143641471863
401," The Office of the Federal Register (OFR) of the National Archives and Records Administration (NARA) where it is assigned a law number, and prepared for publication as a slip law.",delivered to the Office of the Federal Register (OFR) of the National Archives and Records Administration (NARA),0.12444210052490234,27.525603771209717,0.8139115571975708
402, CAMRA (Campaign for Real Ale),CAMRA,0.12151145935058594,21.15018105506897,0.6742430329322815
403, The Inns of Court.,Inns of Court,0.27849864959716797,20.832183361053467,0.9609047174453735
404, On paper placemats.,paper placemats,0.14368820190429688,20.809764862060547,0.91015625
405," The tourism district would comprise several key areas in the city; the Marina District, Ducktown, Chelsea, South Inlet, Bader Field, and Gardner's Basin.","The district would include heavier police presence, as well as beautification and infrastructure improvements",0.1405935287475586,26.652313232421875,0.38498783111572266
406, September.,September,0.13629388809204102,20.1098415851593,0.9489479660987854
407," The literal meaning of tariqah is ""path"" or ""way"".",path,0.27388525009155273,22.782222270965576,0.3534680902957916
408, Food and drink.,food and drink,0.12313556671142578,20.367398977279663,0.9505565762519836
409, $5.2 billion,$5.2 billion,0.12224602699279785,20.612614154815674,1.0
410, The 19th century.,nineteenth century,0.15228533744812012,20.74629044532776,0.8974283337593079
411, Sāmad (Silent) Imām,Sāmad (Silent) Imām,0.12983107566833496,21.61182689666748,1.0
412, Seven,seven,0.13355374336242676,19.90291476249695,1.0000001192092896
413, The document created by this group is not specified in the provided text.,"The report ""Mary: Faith and Hope in Christ""",0.1290419101715088,22.444049835205078,0.16456006467342377
414, Carlisle.,Carlisle,0.15564274787902832,20.16962480545044,0.9647358655929565
415, Pope Sixtus IV,"Pope Sixtus IV, authorized those dioceses",0.12865042686462402,20.653466939926147,0.7432165145874023
416, tabernae,tabernae,0.12085318565368652,20.204516887664795,1.0000001192092896
417, The student's union.,the student's union,0.11721253395080566,20.637261867523193,0.9866448640823364
418, There should be no more than one alehouse per village.,there should be no more than one alehouse per village,0.14296770095825195,22.07424831390381,0.9786499738693237
419, 19th century,19th century,0.12897777557373047,20.285823583602905,1.0000001192092896
420, Copenhagen.,Copenhagen,0.12038683891296387,19.90757918357849,0.9695078134536743
421, The power to create regulations.,broad rulemaking authority,0.15291881561279297,20.679166555404663,0.6342253088951111
422, The London Metropolitan Archives centre.,London Metropolitan Archives centre,0.12662172317504883,20.845890283584595,0.9764280319213867
423, He was sent to the Oak Ridge facility.,Oak Ridge facility,0.27712154388427734,21.439094305038452,0.7237353324890137
424, Ants and Martians.,ants and Martians,0.13179564476013184,20.961102962493896,0.9834189414978027
425, I don't see any information about a teacher committing an act in the provided context.,Mariano Spada,0.13106942176818848,22.961358070373535,0.0865507423877716
426, Pub rock,Pub rock,0.13172316551208496,20.029337644577026,1.000000238418579
427," Ye Olde Fighting Cocks in St Albans, Hertfordshire.",Ye Olde Fighting Cocks,0.13323426246643066,22.852996587753296,0.7987861633300781
428, The Bronze Age.,the Bronze Age,0.1368720531463623,20.53944730758667,0.9897664785385132
429, Tabernae,taverns,0.13366413116455078,20.088167428970337,0.27927306294441223
430, The Nizari Ismaili's cardinal principle would be broken and its raison d'être would come to an end.,come to an end,0.1220402717590332,24.54104781150818,0.18579882383346558
431, Bar snacks.,bar snacks,0.12880897521972656,20.249866724014282,0.9744873642921448
432," November 24, 2005.",24 November 2005,0.12331604957580566,21.364081859588623,0.949772298336029
433, The 1970s.,1970s,0.1390068531036377,20.824032306671143,0.9295619130134583
434, The Borgata.,The Borgata,0.13739252090454102,20.380518436431885,0.9807230234146118
435," The Institute for Advanced Study in Princeton, New Jersey.",Institute for Advanced Study,0.14311742782592773,21.78266143798828,0.7133828997612
436, 1240,1240,0.11950922012329102,20.2903950214386,0.9999999403953552
437, The 1950s.,1950s,0.13195443153381348,20.87964105606079,0.94635009765625
438, 26.65%,26.65%,0.12786579132080078,20.611398458480835,1.0000001192092896
439," $30,237","$30,237",0.13611316680908203,20.336905479431152,1.0000001192092896
440, September 2014,September 2014,0.13193058967590332,20.405686140060425,0.9999999403953552
441, They said they were considering selling the Taj and winding down and exiting the gaming and hotel business.,winding down and exiting the gaming and hotel business,0.1329500675201416,23.59972071647644,0.6280246376991272
442, 44.8%,44.8%,0.13251495361328125,20.629663944244385,1.0
443, Stare decisis.,stare decisis,0.1447925567626953,20.639776945114136,0.976759672164917
444," ""I don't like that they're not calculating anything,""","'Well, it still might be true.'""",0.12979507446289062,21.946123361587524,0.335649311542511
445, A handpump.,handpump,0.13256192207336426,20.710684537887573,0.8431146144866943
446, Federal law and treaties.,Federal law and treaties,0.1272752285003662,20.680787801742554,0.955909788608551
447, The executive branch.,executive branch,0.16566252708435059,20.298683404922485,0.9534595012664795
448, Holiday Inn,Holiday Inn,0.14614391326904297,19.89077067375183,1.0000001192092896
449, The United States Code.,The United States Code,0.2796933650970459,20.641759872436523,0.9667985439300537
450, 3.34,3.34,0.1473252773284912,20.320595502853394,1.000000238418579
451, Cheshire,Cheshire,0.1185305118560791,19.99748182296753,1.0000001192092896
452," 2006 (Scotland), 2007 (Wales), and 2007 (England)",2007,0.139204740524292,23.7710382938385,0.59269779920578
453, Mastication (chewing) in the mouth.,the action of mastication (chewing),0.28061842918395996,21.817100286483765,0.8951611518859863
454, The Atlantic City-Brigantine Connector.,Atlantic City-Brigantine Connector,0.14484477043151855,21.420132875442505,0.9476675391197205
455," According to some, it is possible for a Sanctified Mary to have emerged from the moment of her conception.","out that sanctification could be conferred at the first moment of conception in view of the foreseen merits of Christ, a view held especially by Franciscans.",0.27900099754333496,24.1999409198761,0.5850967764854431
456, Felony convictions.,felony convictions,0.12920498847961426,20.47087788581848,0.9403213858604431
457, Spirit grocers.,spirit grocers,0.13473272323608398,20.39670991897583,0.9824368953704834
458, A country pub.,country pub,0.144575834274292,20.316014051437378,0.9113987684249878
459, The Traymore Hotel.,The Traymore Hotel,0.12902331352233887,20.60477089881897,0.9932366609573364
460," A device for pumping beer, typically manually operated, used to dispense beer from a cask or container in a pub's basement or cellar.",a device for pumping beer,0.1381840705871582,25.598921537399292,0.8688676357269287
461, 11th century,11th,0.15373706817626953,20.46838402748108,0.5339987277984619
462, Teach óil,teach óil,0.1572246551513672,20.17794704437256,1.0
463," Almost 500,000.","500,000",0.13448524475097656,20.72342014312744,0.8200045824050903
464, A divine protection.,divine protection,0.13379144668579102,20.395095109939575,0.8887293338775635
465, A statute does not automatically disappear if it is found unconstitutional. It must be deleted by a subsequent statute.,deleted by a subsequent statute,0.2803494930267334,23.967315912246704,0.7009234428405762
466," Simple natural or religious symbols such as 'The Sun', 'The Star' and 'The Cross' were incorporated into pub signs, sometimes being adapted to incorporate elements of the heraldry (e.g. the coat of arms) of the local lords who owned the lands upon which the pub stood.",hops,0.15418052673339844,31.78221821784973,0.006046652793884277
467, He believed the possibility of Nazi Germany developing the bomb before the Allies was a compelling reason to help with its development for the U.S.,possibility of Nazi Germany developing the bomb before the Allies,0.15756821632385254,25.175411462783813,0.7478000521659851
468, 1976,1976,0.1612238883972168,20.20331573486328,1.0
469, 1688,1688,0.13070464134216309,20.030436515808105,1.0
470, 2015,2015,0.13487839698791504,20.18306565284729,1.0
471, 2002,2002,0.13860034942626953,20.245309114456177,1.0
472, The 17th and 18th centuries.,the Middle Ages,0.1400752067565918,21.667003870010376,0.6234951615333557
473," The intention behind the passage of the Beer Act of 1830 was to reduce public drunkenness by introducing a new lower tier of premises permitted to sell alcohol, specifically beer, in a controlled manner.",reducing public drunkenness,0.2803938388824463,27.790983200073242,0.5693992376327515
474, Mathematics and Physics.,mathematics and physics,0.132432222366333,20.32392454147339,0.9342523813247681
475, 1 book,45,0.13428640365600586,20.18318009376526,0.22865352034568787
476," Pepsin, trypsin, and chymotrypsin.",pepsin secreted by the stomach and trypsin and chymotrypsin,0.1382603645324707,22.79789400100708,0.802301287651062
477," Four casino closures took place in 2014: the Atlantic Club on January 13, the Showboat on August 31, the Revel on September 2, and Trump Plaza on September 16.",four,0.2786753177642822,28.0438334941864,0.11171525716781616
478, Because of its immense size and diversity.,because of its immense size and diversity,0.14495182037353516,21.103917837142944,0.9875791668891907
479, The Immaculate Conception,"papal bull defining the dogma, Ineffabilis Deus",0.14118647575378418,20.801522970199585,0.1924968659877777
480, 10,10,0.12266969680786133,20.083073377609253,1.0000001192092896
481," $32,207","$32,207",0.1433260440826416,20.43457841873169,1.0
482," 8,558","8,558",0.1409456729888916,20.394489765167236,0.9999999403953552
483," Because federal courts lack the plenary power to simply make up law, which is possessed by state courts, and are limited to making law in areas linked to the interpretation of a particular federal constitutional provision, statute, or regulation.",lack the plenary power possessed by state courts,0.13948845863342285,28.665730237960815,0.7021268010139465
484," A temporary ""purple splotch"" afterimage of the event.","""purple splotch"" afterimage",0.1250317096710205,22.491101503372192,0.7926551103591919
485, 30.45%,30.45%,0.28076958656311035,20.64338994026184,1.0
486, The Canonbury Tavern,The Canonbury Tavern,0.1237325668334961,20.393834590911865,1.0
487," ""Feynman's Tips on Physics: A Problem-Solving Supplement to the Feynman Lectures on Physics""","""Feynman's Tips on Physics: A Problem-Solving Supplement to the Feynman Lectures on Physics",0.15639758110046387,24.540565490722656,0.9942704439163208
488, The Shia sect.,Contemporary Eastern Orthodox Christians often object to the dogmatic declaration of her immaculate conception,0.13925743103027344,20.48973798751831,0.3042427897453308
489, Richard Feynman,Feynman,0.146453857421875,20.452638626098633,0.8819769620895386
490, Nātıq (Spoken),Nātıq,0.14407014846801758,21.278499364852905,0.8734739422798157
491, The Senate.,Senate,0.13643479347229004,20.19218897819519,0.909447431564331
492," He referred to her as ""prokathartheisa (prepurified)"".","to call Mary ""prepurified""",0.1434774398803711,23.11204195022583,0.6061546802520752
493," Michelle Feynman, Richard Feynman's daughter, played a cameo role in the 1996 film ""Infinity"".","Feynman's daughter, Michelle",0.13765168190002441,24.825026273727417,0.7456966638565063
494, From the illustration on the pub's sign.,the illustration on the pub's sign,0.15327692031860352,21.446079969406128,0.9206216335296631
495, Syedna Mufaddal Saifuddin (TUS),Syedna Mufaddal Saifuddin,0.2756056785583496,22.694942951202393,0.9314770698547363
496," Traditionally, pub windows were made of smoked or frosted glass to obscure the clientele from the street.",smoked or frosted glass,0.12753987312316895,23.952823638916016,0.6098062992095947
497, Video games.,video games,0.14754962921142578,20.183579444885254,0.8826001882553101
498, The Code of Federal Regulations.,Code of Federal Regulations,0.13397812843322754,20.791523456573486,0.9501731395721436
499, The London Gazette.,London Gazette,0.1524825096130371,20.42047953605652,0.9517475366592407
